{"branches": 75.48387096774194, "coverage": 64.03903903903904}