{"branches": 71.42857142857143, "coverage": 77.08383090518271}