{"branches": 79.12087912087912, "coverage": 75.45544066962087}