{"branches": 74.21383647798741, "coverage": 62.905941784941064}