{"branches": 59.148936170212764, "coverage": 63.380787175499464}