{"branches": 59.82905982905983, "coverage": 64.66480446927375}