{"branches": 53.67647058823529, "coverage": 61.13581501715157}