{"branches": 61.622807017543856, "coverage": 64.91400491400492}