{"branches": 58.72641509433962, "coverage": 63.88290457483209}