{"branches": 60.04273504273504, "coverage": 64.49414015785698}