{"branches": 75.15527950310559, "coverage": 64.6242221158449}