{"branches": 76.66666666666667, "coverage": 65.15034695451041}