{"branches": 59.154929577464785, "coverage": 63.57416529830323}