{"branches": 60.86956521739131, "coverage": 64.70800722456352}