{"branches": 60.21276595744681, "coverage": 64.51535795386638}