{"branches": 55.0251256281407, "coverage": 61.923821820529376}