{"branches": 76.92307692307693, "coverage": 64.31264136717768}