{"branches": 51.85185185185185, "coverage": 48.24854045037531}