{"branches": 54.047619047619044, "coverage": 61.41772151898734}