{"branches": 62.55924170616114, "coverage": 65.21628821514652}