{"branches": 47.682119205298015, "coverage": 59.521028037383175}