{"branches": 55.18987341772152, "coverage": 61.52230971128609}